先知,尊敬,酸民,嗎,各位,感謝,笑死,幹,順手,笑屎
現在,吧,喊,有些,一堆人,了,終於,爽,才能,還有
同時,啦,其實,而已,end,樓上,趕緊,讚,今晚,小編
感覺,下週,恭喜,拜託,遲早,推,參考,謝謝,謝謝你,謝謝您
反串,傻眼,QQ,@@,啊,嗎,qq,欸,不懂,靠腰
週末,嘻嘻,少年股神,嗚嗚,小兒,鬆哥,一生平安,大師,也是,可悲
各位,就算,還是,真的,respect,xd,好人,早點講,這樣,推文
親戚,預言,歷史,苦口婆心,原po,一堆人,聲明,大家,你們,一起
有點,昨天,還只是,目前,一路以來,這些,那些,激烈,建議,請問
難怪,搶銀行,一步,當初,白癡,壓壓驚,一定是,再來,覺得,每年
嘻嘻,下個月,這種人,然後,只是,這句話,於是,就是,定義,難不成
終究,最近,根本,有人,指出,現階段,直言,等到,即將,請求
文章,理解,假的,不然,丁超,c羅,C螺,丁丁,看板,心得/評論
可能,無法,下禮拜,強調,騙自己,參考看看,村民,乖乖,從頭到尾,原文標題
神職,草原狼,哈們,去年,超中肯,都幾,抖幾,中肯,就是,原文連結
有時候,抄心經,如何,老巴,就沒有,人生,活著,一個,史上,發布時間
唯一,過去,同期,下半年,上半年,新猷,新高,改寫,雙雙,原文內容
唯二,發稿,無感,廢文,某些,左右,前後,因為,有些,村姑
記者,報導,咕雞,老話, ettoday,記者,報導,未來,送分題,囉
呵呵,哈哈,心得,評論,長老,我們,你們,明明,新聞稿,其它
留言,恩,嗯,一陣子,耶,人家,一定,這句話,而且,板規
翻譯,狗屁,發文,差不多,假如,行文,規範,水桶,處份 ,依照
格式,文章,標明,段落,早就知道, ,  ,,,